State Name,Dist Name,JANUARY RAINFALL (Millimeters),FEBRUARY RAINFALL (Millimeters),MARCH RAINFALL (Millimeters),APRIL RAINFALL (Millimeters),MAY RAINFALL (Millimeters),JUNE RAINFALL (Millimeters),JULY RAINFALL (Millimeters),AUGUST RAINFALL (Millimeters),SEPTEMBER RAINFALL (Millimeters),OCTOBER RAINFALL (Millimeters),NOVEMBER RAINFALL (Millimeters),DECEMBER RAINFALL (Millimeters),ANNUAL RAINFALL (Millimeters),LENGTH OF GROWING PERIOD DAYS (Number)
Andhra Pradesh,Ananthapur,1.604,2.5,6.608,17.238,50.843999999999994,51.216,61.773999999999994,76.354,128.964,108.352,38.21,6.354,550.018,120
Andhra Pradesh,Chittoor,7.968000000000001,8.82,9.976,21.074,60.26,68.28399999999999,99.49600000000001,111.44200000000001,136.822,173.23,170.95,68.822,936.916,164
Andhra Pradesh,East Godavari,6.416,9.312000000000001,10.47,22.918000000000003,63.662,129.58,196.002,199.454,182.63,201.87599999999998,93.46799999999999,14.92,1130.3239999999998,229
Andhra Pradesh,Guntur,6.95,8.948,9.328000000000001,12.496000000000002,50.63,90.25399999999999,151.782,159.976,151.832,150.066,84.414,16.522000000000002,893.082,164
Andhra Pradesh,Kadapa YSR,1.956,3.31,6.202000000000001,14.148,41.852,63.548,89.838,106.37200000000001,116.852,135.56799999999998,89.94,22.805999999999997,692.3960000000001,165
Andhra Pradesh,Krishna,6.084,9.226,10.405999999999999,14.386,49.658,112.292,193.29,190.72,160.696,161.658,74.156,15.294,997.846,185
Andhra Pradesh,Kurnool,2.156,2.07,7.402,16.12,41.542,78.138,109.352,124.67,135.49200000000002,109.238,27.464000000000002,4.482,658.1519999999999,148
Andhra Pradesh,S.P.S. Nellore,17.68,13.283999999999999,7.086,12.017999999999999,42.263999999999996,46.623999999999995,84.46600000000001,91.348,102.538,261.628,288.188,94.182,1061.272,134
Andhra Pradesh,Srikakulam,7.968,13.677999999999999,16.16,29.144000000000002,70.16199999999999,149.04,191.98,191.69400000000002,197.748,185.76,69.372,7.021999999999999,1129.642,185
Andhra Pradesh,Visakhapatnam,7.696000000000001,12.572000000000001,17.17,41.438,88.63799999999999,135.67600000000002,165.408,175.78799999999998,191.08599999999998,195.46,79.23,9.61,1119.65,171
Andhra Pradesh,West Godavari,6.462000000000001,8.338,10.265999999999998,17.736,55.071999999999996,121.396,220.204,225.688,171.53599999999997,167.65200000000002,71.028,13.566,1088.758,210
Assam,Cachar,11.757142857142858,50.487755102040815,139.37142857142857,290.4122448979592,388.6795918367347,520.3224489795919,503.9612244897959,444.46938775510205,332.4510204081633,166.27551020408163,33.03265306122449,12.516326530612243,2954.0125000000003,-1
Assam,Darrang,12.15111111111111,26.395555555555553,49.30888888888889,167.59555555555556,275.52222222222224,380.3333333333333,364.2,269.07954545454544,221.4227272727273,105.07045454545455,20.575,8.25909090909091,1920.7204545454545,-1
Assam,Dibrugarh,23.504166666666666,49.199999999999996,97.7,219.67291666666665,265.23541666666665,366.9375,487.28541666666666,383.41249999999997,280.37916666666666,112.25416666666666,16.150000000000002,12.206249999999999,2314.0729166666665,-1
Assam,Goalpara,12.258695652173913,25.85217391304348,55.26086956521739,194.8869565217391,348.09565217391304,548.3739130434783,590.6844444444445,401.4111111111111,379.5888888888889,127.49347826086957,18.74,4.657777777777778,2727.2844444444445,-1
Assam,Kamrup,13.944186046511629,28.690697674418605,58.51395348837209,197.2674418604651,273.253488372093,371.4813953488372,389.54418604651164,298.2697674418605,211.2860465116279,116.3953488372093,13.390476190476189,7.954761904761905,1980.2697674418605,-1
Assam,Karbi Anglong,9.3,30.743243243243242,47.28378378378378,94.4054054054054,142.84324324324325,213.1324324324324,228.04054054054055,224.1162162162162,174.5638888888889,151.62972972972975,23.15,5.072222222222222,1338.7729729729729,-1
Assam,Lakhimpur,28.477551020408164,56.23877551020408,83.8795918367347,206.03469387755104,318.89183673469387,515.8244897959185,590.6734693877551,451.03877551020406,349.6938775510204,129.65510204081633,19.454166666666666,15.9375,2765.0653061224493,-1
Assam,Nagaon,13.460416666666667,24.462500000000002,44.893750000000004,122.16250000000001,166.76041666666666,263.76382978723404,284.28749999999997,259.6787234042553,205.17872340425532,116.82291666666667,20.0,8.208510638297872,1537.3638297872342,-1
Assam,North Cachar Hil / Dima hasao,13.4025,32.3775,121.1625,160.0675,245.48000000000002,390.67,286.5625,242.14615384615382,127.8078947368421,121.59,29.889743589743592,4.843589743589744,2127.9636363636364,-1
Assam,Sibsagar,18.10238095238095,44.785714285714285,68.46190476190476,183.94878048780487,222.5690476190476,287.07380952380953,380.5853658536585,331.4146341463415,220.94878048780487,93.68095238095238,20.758536585365853,7.070731707317073,1896.409756097561,-1
Bihar,Bhagalpur,12.69375,9.612499999999999,10.889583333333334,28.985416666666666,73.53541666666666,184.78958333333333,300.6791666666667,262.94374999999997,200.97083333333333,79.94166666666666,5.404166666666666,5.4375,1175.8833333333334,210
Bihar,Champaran,21.01904761904762,43.145,87.185,99.625,124.62,205.93809523809523,294.17619047619047,255.52857142857144,153.13809523809525,52.476190476190474,2.8,2.4523809523809526,1330.604761904762,244
Bihar,Darbhanga,13.538775510204081,26.840816326530614,23.10408163265306,53.53877551020408,66.56326530612245,148.372,270.03,230.088,157.00799999999998,55.83599999999999,3.5122448979591834,3.2551020408163267,1047.882,247
Bihar,Gaya,14.47,12.915999999999999,9.056000000000001,11.602,23.625999999999998,149.588,273.788,253.412,165.862,47.506,6.73,4.502,973.058,222
Bihar,Mungair,18.451111111111114,49.28888888888889,47.26521739130435,45.66304347826087,59.21777777777778,139.47608695652173,265.3478260869565,223.87391304347827,192.1717391304348,55.53695652173913,4.5456521739130435,5.3847826086956525,1103.458695652174,224
Bihar,Muzaffarpur,12.402000000000001,11.024000000000001,7.14,18.274,65.09,169.29,324.392,279.106,214.202,64.762,6.1,3.418,1175.22,240
Bihar,Patna,10.078,11.315999999999999,8.264,10.456,37.426,129.14,295.508,253.768,192.09,52.26,4.303999999999999,2.278,1006.898,224
Bihar,Purnea,7.686,9.234,11.422,42.184,113.428,266.6,435.314,333.346,281.55,100.21799999999999,6.254,6.216,1613.4479999999999,257
Bihar,Saharsa,18.14468085106383,54.48478260869565,60.108695652173914,54.560869565217395,65.84130434782608,146.4063829787234,288.70425531914896,239.97446808510637,185.23829787234044,54.329787234042556,5.691304347826088,2.4347826086956523,1170.7340425531916,230
Bihar,Saran,13.612,14.106,14.464,13.758,40.104,134.79,277.298,240.792,182.19400000000002,57.821999999999996,5.28,2.9419999999999997,997.16,224
Bihar,Shahabad (now part of Bhojpur district),4.0,6.45,6.675,2.275,14.15,108.375,158.07500000000002,196.2,135.5,90.94999999999999,0.0,0.0,722.65,208
Chhattisgarh,Bastar,8.273913043478261,7.336956521739131,14.81304347826087,33.660869565217396,41.59347826086957,217.02340425531915,378.3404255319149,394.94255319148937,235.66739130434783,74.68478260869566,15.454545454545455,6.853333333333334,1434.1673913043478,194
Chhattisgarh,Bilaspur,19.184782608695652,16.206521739130434,16.304347826086957,16.808888888888887,19.752173913043478,172.76382978723404,338.97021276595746,339.29787234042556,192.1021739130435,48.94130434782609,10.777272727272727,9.591111111111111,1204.1978260869564,208
Chhattisgarh,Durg,6.310869565217391,5.323913043478261,8.20217391304348,9.710869565217392,18.030434782608694,181.40425531914894,325.01521739130436,313.8108695652174,180.9711111111111,47.44565217391305,6.293181818181818,3.6799999999999997,1110.3955555555556,164
Chhattisgarh,Raigarh,14.26086956521739,12.056521739130435,10.789130434782608,11.637777777777776,21.87391304347826,191.68936170212766,369.52127659574467,372.15319148936175,211.6108695652174,44.74347826086956,8.593333333333334,8.364444444444445,1273.5326086956522,201
Chhattisgarh,Raipur,8.321739130434782,9.282608695652174,10.221739130434782,12.628888888888888,18.156521739130437,181.99148936170212,332.73829787234047,319.34255319148934,185.92826086956524,45.63260869565217,7.840909090909091,4.644444444444445,1141.1978260869564,201
Chhattisgarh,Surguja,16.504347826086956,14.034782608695652,9.56304347826087,10.324444444444445,10.902173913043478,186.67234042553193,360.20652173913044,351.1586956521739,202.6130434782609,43.017391304347825,9.948888888888888,7.248888888888889,1219.4244444444444,201
Gujarat,Ahmedabad,0.46249999999999997,0.27499999999999997,0.6729166666666666,0.8937499999999999,5.470833333333334,104.98541666666667,237.37708333333333,204.30208333333334,104.07916666666667,16.4875,6.3,1.7125000000000001,683.0083333333333,178
Gujarat,Amreli,0.2020833333333333,0.024999999999999998,1.3166666666666667,1.3083333333333333,1.6125,128.50625,190.9645833333333,124.14166666666667,111.40416666666665,23.216666666666665,12.775,0.5,595.9916666666667,150
Gujarat,Banaskantha,0.8937499999999999,1.1145833333333333,1.8291666666666668,1.5270833333333333,3.3666666666666667,64.39166666666667,222.7541666666667,175.97916666666666,89.78333333333335,14.614583333333334,5.320833333333333,1.0208333333333333,582.6083333333333,120
Gujarat,Bharuch,0.09166666666666667,0.04791666666666666,0.7208333333333333,0.14375000000000002,3.060416666666667,146.42499999999998,261.3625,194.39791666666667,135.21666666666667,14.472916666666668,6.991666666666667,0.9104166666666668,763.8249999999999,201
Gujarat,Bhavnagar,0.44166666666666665,0.05416666666666667,1.2604166666666667,1.2270833333333333,3.11875,125.69375000000001,178.10833333333335,134.32708333333332,100.88125000000001,20.258333333333333,10.085416666666665,0.88125,576.3312500000001,180
Gujarat,Dangs,2.183333333333333,0.40208333333333335,0.6916666666666668,1.9416666666666667,8.270833333333334,306.04583333333335,722.5333333333333,621.5104166666666,355.7791666666667,68.89375,5.956250000000001,1.3020833333333333,2095.4979166666667,171
Gujarat,Jamnagar,0.4875,0.61875,0.75,0.19791666666666666,1.6145833333333333,102.40833333333335,211.79583333333335,143.56458333333333,75.59791666666666,16.060416666666665,7.90625,0.6687500000000001,561.6708333333333,97
Gujarat,Junagadh,0.2391304347826087,0.28695652173913044,0.6326086956521739,0.2391304347826087,2.182608695652174,186.1282608695652,298.3826086956522,183.3608695652174,108.77608695652174,27.87391304347826,11.830434782608696,0.6652173913043479,820.591304347826,118
Gujarat,Kheda,1.08125,0.17708333333333334,0.9375,0.6812499999999999,5.2,109.21041666666667,290.96250000000003,258.8625,122.11458333333333,13.822916666666666,8.547916666666667,1.73125,813.3270833333332,178
Gujarat,Kutch,0.6729166666666666,0.5979166666666667,1.3520833333333335,0.2604166666666667,3.6458333333333335,51.78541666666666,148.61458333333334,102.33958333333334,51.85,10.702083333333334,6.4375,1.3270833333333334,379.5833333333333,80
Gujarat,Mehsana,0.725,0.7229166666666668,0.8312499999999999,0.8729166666666667,4.529166666666667,77.45,250.43125,218.16666666666666,103.13958333333333,15.091666666666667,4.658333333333333,1.7874999999999999,678.4083333333333,150
Gujarat,Panchmahal,0.6104166666666667,0.03958333333333333,0.6979166666666666,0.7250000000000001,6.043749999999999,115.60208333333333,302.03125,308.6958333333333,140.17708333333334,16.868750000000002,8.339583333333334,1.7104166666666665,901.5270833333334,170
Gujarat,Rajkot,0.15434782608695652,0.15217391304347827,1.2652173913043476,0.3456521739130435,3.4369565217391305,108.8586956521739,207.9673913043478,135.9413043478261,88.16956521739131,19.22391304347826,6.058695652173912,0.5565217391304348,572.25,134
Gujarat,Sabarkantha,1.3666666666666665,0.6541666666666667,1.78125,1.5791666666666666,4.6937500000000005,91.45625,297.85625,268.50624999999997,119.93333333333334,14.458333333333334,6.8062499999999995,1.78125,810.8937500000001,165
Gujarat,Surat,0.3333333333333333,0.07916666666666666,0.9125000000000001,0.3458333333333334,4.78125,265.375,490.75,329.4270833333333,204.72708333333333,24.1125,8.395833333333334,1.2041666666666668,1332.5395833333334,180
Gujarat,Surendranagar,0.7854166666666668,0.14791666666666667,0.7374999999999999,0.4708333333333334,3.50625,97.05624999999999,162.45208333333332,134.24583333333334,92.11041666666667,11.637500000000001,6.829166666666667,1.6375,511.6145833333333,180
Gujarat,Vadodara / Baroda,1.2958333333333334,0.05833333333333333,0.6958333333333333,0.5666666666666667,5.004166666666666,138.13958333333332,321.7416666666667,281.575,164.17499999999998,18.974999999999998,10.695833333333333,1.7229166666666667,944.6541666666667,178
Gujarat,Valsad,0.6937500000000001,0.09375,0.75,0.12291666666666667,3.4875000000000003,352.31874999999997,777.4979166666667,518.8395833333333,297.2729166666667,37.83958333333333,10.216666666666667,0.5875,1999.7291666666667,174
Haryana,Ambala,30.726530612244897,37.158,31.226,15.456,28.666,116.24,304.358,306.69,143.72199999999998,17.981632653061226,6.671428571428572,22.00816326530612,1059.3339999999998,195
Haryana,Gurgaon,10.561224489795919,15.7,13.174000000000001,10.654000000000002,21.428,42.86,165.586,167.74400000000003,81.788,7.79795918367347,3.4979591836734696,3.6163265306122447,543.882,150
Haryana,Hissar,8.308163265306122,14.434000000000001,11.15,9.298,19.348,39.328,101.60600000000001,103.946,51.593999999999994,8.410204081632653,3.7204081632653057,5.46530612244898,376.07800000000003,74
Haryana,Jind,13.079545454545455,18.377777777777776,20.213333333333335,9.177777777777777,19.09111111111111,45.32888888888889,120.42444444444445,114.07111111111111,72.89777777777778,9.763636363636364,3.7363636363636363,4.25,449.73111111111115,101
Haryana,Karnal,22.020408163265305,23.37,19.116,8.872,17.338,69.154,162.236,173.96,76.232,12.261224489795918,4.073469387755102,10.224489795918368,597.826,180
Haryana,Mahendragarh / Narnaul,9.63125,12.561224489795919,8.76734693877551,6.340816326530612,20.76326530612245,56.38163265306122,142.0061224489796,128.8387755102041,62.18163265306123,10.49375,2.8937500000000003,6.233333333333333,466.5183673469388,95
Haryana,Rohtak,12.5875,13.759183673469389,14.706122448979592,10.389795918367348,21.83469387755102,47.665306122448975,152.00204081632654,148.71836734693878,76.97551020408163,8.481250000000001,4.291666666666667,8.383333333333333,519.1102040816327,120
Himachal Pradesh,Bilashpur,57.92040816326531,67.75918367346938,59.538000000000004,30.57,42.92,122.46600000000001,290.504,307.848,143.06,20.706122448979592,13.133333333333333,29.548979591836737,1181.872,-1
Himachal Pradesh,Chamba,97.5795918367347,139.192,147.156,90.11200000000001,81.108,112.96600000000001,278.622,244.46599999999998,110.63799999999999,29.675510204081633,26.892,49.14489795918367,1404.0179999999998,-1
Himachal Pradesh,Kangra,68.56122448979592,86.18,76.454,40.078,46.382,181.35,556.138,587.42,193.774,26.88,12.738775510204082,34.68163265306123,1908.306,-1
Himachal Pradesh,Kinnaur,92.76938775510203,104.906,109.83,72.89,54.062,40.128,53.37,65.808,57.832,21.934,13.253061224489796,31.8,700.1139999999999,-1
Himachal Pradesh,Kullu,76.00816326530612,109.87200000000001,110.79,71.08,65.778,70.38,171.68,167.09400000000002,77.328,25.096,23.397959183673468,40.744897959183675,1006.43,-1
Himachal Pradesh,Lahul & Spiti,75.984,100.44200000000001,121.554,74.124,60.87,35.62,86.63799999999999,76.55199999999999,54.452,21.024489795918367,20.567346938775508,40.564,767.548,-1
Himachal Pradesh,Mandi,60.47142857142857,72.036,76.9,46.891999999999996,65.484,162.50799999999998,372.48400000000004,374.48800000000006,144.92,21.72,13.824489795918367,29.387755102040817,1438.9479999999999,-1
Himachal Pradesh,Shimla,77.0673469387755,81.402,77.538,50.972,65.93,105.514,218.612,207.574,113.16,25.386,12.878,30.576,1065.066,-1
Himachal Pradesh,Sirmaur,47.518,59.756,50.92,27.728,40.85,150.27800000000002,398.022,392.224,154.92600000000002,22.567346938775508,7.348979591836735,29.31,1380.848,-1
Himachal Pradesh,Solan,51.95399999999999,67.15599999999999,61.55,29.004,47.523999999999994,138.99,307.07,293.892,146.126,23.624489795918365,9.8,29.965999999999998,1206.016,-1
Jharkhand,Dhanbad,7.970000000000001,17.369999999999997,16.79,20.965,53.935,196.45263157894738,318.5210526315789,280.18947368421055,253.94210526315788,82.98947368421052,6.121052631578947,4.663157894736842,1202.415,210
Jharkhand,Hazaribagh,12.0,16.90888888888889,15.037777777777778,15.471111111111112,40.24666666666666,195.9377777777778,302.64888888888885,288.4222222222222,215.09555555555553,74.99555555555555,6.742222222222222,5.977777777777778,1189.5022222222221,210
Jharkhand,Palamau,12.291111111111112,15.804444444444446,12.457777777777778,9.102222222222222,17.528888888888886,131.66222222222223,288.4822222222222,288.56444444444446,195.98666666666665,50.35333333333334,7.382222222222222,5.2844444444444445,1034.9066666666668,201
Jharkhand,Ranchi,15.413333333333334,19.77777777777778,17.08888888888889,19.686666666666667,46.577777777777776,202.4511111111111,308.82,307.48,221.78222222222223,72.38,10.682222222222224,6.935555555555556,1249.0733333333335,277
Jharkhand,Santhal Paragana / Dumka,7.0576923076923075,10.407692307692308,17.51923076923077,18.56153846153846,61.05,209.63846153846154,300.6038461538461,232.3923076923077,242.54615384615383,100.51923076923077,7.9653846153846155,3.4538461538461536,1211.8307692307692,264
Jharkhand,Singhbhum,7.5476190476190474,11.504761904761905,14.957142857142859,28.566666666666666,66.15238095238095,214.375,295.34499999999997,283.125,223.15500000000003,80.82000000000001,6.970000000000001,7.340000000000001,1240.595,245
Karnataka,Bangalore,3.375,1.4,11.600000000000001,51.025,113.575,68.425,74.425,112.5,177.5,133.575,101.80000000000001,7.425,856.325,217
Karnataka,Belgaum,1.2416666666666667,1.0285714285714285,5.151020408163266,23.401999999999997,59.696000000000005,178.638,246.782,179.648,127.556,97.76,27.01,4.058333333333334,960.9673469387756,178
Karnataka,Bellary,1.7041666666666666,1.5551020408163265,3.524489795918367,21.518,52.726000000000006,73.01400000000001,67.914,88.876,131.40200000000002,107.206,28.46,6.702083333333333,586.8367346938776,104
Karnataka,Bidar,5.610416666666667,5.546938775510204,10.187755102040816,19.668,33.308,115.12799999999999,165.19,185.7,169.148,84.22,19.032,4.308333333333334,815.7714285714286,171
Karnataka,Bijapur / Vijayapura,2.40625,1.883673469387755,3.4979591836734696,16.054000000000002,36.012,80.556,70.046,82.62,146.876,106.86200000000001,21.608,4.4624999999999995,577.1755102040815,97
Karnataka,Chickmagalur,1.7645833333333334,2.573469387755102,12.783673469387754,55.94,99.83,329.48800000000006,542.984,389.486,181.87599999999998,151.692,57.988,8.385416666666666,1832.0539999999999,220
Karnataka,Chitradurga,1.1895833333333334,1.5510204081632653,5.079591836734694,29.704,69.396,53.846000000000004,57.1,72.152,112.208,107.19200000000001,38.32,5.002083333333333,554.4795918367347,134
Karnataka,Dakshina Kannada,2.8312500000000003,1.746938775510204,8.153061224489797,43.73,175.56,965.2660000000001,1227.708,864.192,343.208,247.36,94.756,12.987499999999999,3995.191836734694,232
Karnataka,Dharwad,1.1708333333333334,2.4816326530612245,6.271428571428571,41.542,71.764,115.564,129.78799999999998,106.336,114.976,100.82799999999999,38.568000000000005,4.00625,735.6510204081633,118
Karnataka,Gulbarga / Kalaburagi,4.310416666666667,2.810204081632653,4.557142857142857,17.317999999999998,33.762,92.46,127.97,140.45,171.83,99.57,19.132,2.9791666666666665,719.7183673469387,171
Karnataka,Hassan,1.6333333333333335,2.7489795918367346,11.204081632653061,58.714,101.374,173.73,255.372,193.734,141.644,148.088,55.86,8.012500000000001,1149.0339999999999,231
Karnataka,Kodagu / Coorg,3.2708333333333335,3.506122448979592,19.599999999999998,78.798,138.94799999999998,535.4159999999999,803.488,561.9780000000001,239.40400000000002,193.37400000000002,74.582,14.541666666666666,2662.3179999999998,150
Karnataka,Kolar,1.5645833333333332,3.3020408163265307,9.183673469387756,25.884,77.03,58.472,74.336,87.166,145.04399999999998,131.23,63.611999999999995,14.104166666666666,687.462,120
Karnataka,Mandya,2.0166666666666666,3.8020408163265302,9.097959183673469,46.172,101.134,52.79600000000001,49.64,69.422,128.39600000000002,152.004,53.826,12.4625,677.596,230
Karnataka,Mysore,2.1750000000000003,3.426530612244898,12.869387755102041,64.59,111.12,79.768,89.32799999999999,80.818,108.792,140.514,57.391999999999996,12.039583333333333,759.4119999999999,248
Karnataka,Raichur,2.0479166666666666,1.6142857142857145,4.865306122448979,16.712,41.0,78.60600000000001,93.338,112.25399999999999,148.542,119.81,20.87,3.84375,644.4387755102041,164
Karnataka,Shimoge,0.9291666666666667,1.1448979591836734,5.1204081632653065,32.946,74.52199999999999,525.018,851.49,626.4780000000001,220.946,138.764,45.486000000000004,6.3062499999999995,2526.728,207
Karnataka,Tumkur,1.9749999999999999,2.9040816326530616,8.455102040816326,30.69,81.828,56.931999999999995,65.718,87.57,144.85,128.554,44.402,6.189583333333334,657.002,189
Karnataka,Uttara Kannada,0.6291666666666667,0.45102040816326533,2.861224489795918,19.596,80.404,687.946,962.2139999999999,657.0880000000001,258.58799999999997,143.74200000000002,42.146,5.802083333333333,2864.7408163265304,159
Kerala,Alappuzha,16.606,27.794,45.456,136.21,273.816,565.558,492.796,345.004,277.064,315.434,196.09400000000002,48.996,2740.75,-1
Kerala,Eranakulam,14.515999999999998,18.72,34.49,119.59200000000001,268.764,692.5419999999999,665.2139999999999,431.978,326.628,340.408,184.646,44.526,3142.0159999999996,-1
Kerala,Kannur,3.5380000000000003,1.8259999999999998,12.572000000000001,54.36,205.076,889.6519999999999,923.2560000000001,551.512,239.16400000000002,235.68,114.64200000000001,23.302,3254.57,-1
Kerala,Kollam,15.068,30.086,56.81399999999999,162.14,229.18599999999998,433.67800000000005,379.022,271.478,238.83,360.62,217.752,46.816,2441.49,-1
Kerala,Kottayam,13.354000000000001,24.311999999999998,53.913999999999994,144.892,251.912,618.656,579.764,397.966,290.814,331.086,192.46,47.78,2946.902,-1
Kerala,Kozhikode,2.6180000000000003,3.2460000000000004,17.22,89.118,245.668,856.828,888.5939999999999,501.30800000000005,272.112,288.404,156.286,24.16,3338.7740000000003,-1
Kerala,Malappuram,1.2729166666666667,4.529166666666667,20.4375,77.05208333333333,166.93125,673.004761904762,708.9547619047619,386.3833333333333,212.02857142857144,261.5229166666667,130.11666666666667,16.368750000000002,2760.4119047619047,-1
Kerala,Palakkad,2.378,8.171999999999999,19.998,81.96600000000001,136.704,469.084,547.648,336.32199999999995,183.312,238.364,124.53,21.112,2169.574,-1
Kerala,Thiruvananthapuram,18.95,20.18,36.681999999999995,120.598,188.90400000000002,312.464,207.702,147.97799999999998,180.642,265.03,205.22400000000002,58.066,1762.4360000000001,-1
Kerala,Thrissur,3.6639999999999997,8.274,16.5,69.464,222.93599999999998,711.1551020408162,703.2102040816327,442.8244897959184,279.4551020408163,305.962,134.882,27.212,2938.3979591836733,-1
Madhya Pradesh,Balaghat,16.866666666666667,15.88125,14.9125,5.395744680851064,6.420833333333333,183.8479166666667,430.65625,428.4770833333334,194.53829787234042,67.31063829787234,11.26304347826087,12.180851063829786,1383.825,201
Madhya Pradesh,Betul,11.389583333333334,12.489583333333334,12.920833333333334,4.206382978723404,5.804166666666667,141.08333333333334,315.28749999999997,334.22499999999997,182.41063829787234,37.714893617021275,14.299999999999999,8.793617021276596,1077.3875,229
Madhya Pradesh,Bhind,8.5875,10.560416666666667,6.835416666666667,1.770212765957447,6.375,65.63541666666667,214.57021276595742,220.00425531914894,119.33695652173913,26.415555555555557,4.1466666666666665,7.058695652173912,693.3553191489361,217
Madhya Pradesh,Chhatarpur,15.216666666666667,15.335416666666667,7.4624999999999995,4.555319148936171,6.4125000000000005,105.52708333333334,293.6125,350.0645833333333,171.57659574468087,34.244680851063826,9.139130434782608,7.687234042553191,1021.5500000000001,194
Madhya Pradesh,Chhindwara,14.122916666666667,15.793750000000001,15.958333333333334,4.297872340425532,6.54375,159.80416666666667,310.19166666666666,316.24583333333334,170.2063829787234,54.631914893617015,15.976086956521739,11.406382978723405,1091.2666666666667,231
Madhya Pradesh,Damoh,15.268749999999999,16.302083333333332,7.78125,5.6553191489361705,4.704166666666667,143.99583333333334,342.90208333333334,386.43125000000003,167.44468085106382,27.51489361702128,9.378260869565217,6.740425531914894,1137.4020833333334,201
Madhya Pradesh,Datia,8.363043478260868,14.362222222222222,6.115555555555555,3.9545454545454546,11.433333333333334,78.03111111111112,239.52888888888887,267.9577777777778,148.21818181818182,22.49772727272727,4.109302325581395,7.318181818181818,813.0244444444444,210
Madhya Pradesh,Dewas,6.172916666666667,5.21875,2.439583333333333,1.4659574468085108,7.079166666666667,134.62916666666666,313.1659574468085,315.42765957446807,150.3521739130435,25.11333333333333,12.195652173913043,7.384782608695652,978.1851063829787,210
Madhya Pradesh,Dhar,1.8354166666666665,1.85625,1.7041666666666668,0.7978723404255319,2.65,124.79791666666667,269.81063829787234,256.15744680851066,158.5659574468085,25.30652173913043,9.52888888888889,2.652173913043478,855.8510638297872,178
Madhya Pradesh,Guna,8.035416666666666,10.047916666666667,7.9437500000000005,2.629787234042553,6.183333333333334,100.3125,320.88124999999997,332.65416666666664,156.1659574468085,25.57872340425532,9.9,9.485106382978724,989.7104166666667,224
Madhya Pradesh,Gwalior,10.166666666666666,13.018749999999999,7.46875,4.8021276595744675,8.65625,74.63958333333333,250.81875,263.84166666666664,136.6468085106383,28.9,5.056521739130434,9.112765957446808,814.8937500000001,217
Madhya Pradesh,Hoshangabad,9.677083333333334,9.433333333333334,10.197916666666666,1.5978723404255317,8.491666666666667,147.19791666666666,419.6333333333334,466.29791666666665,214.72340425531914,28.96382978723404,12.165217391304349,9.493617021276595,1333.9291666666666,224
Madhya Pradesh,Indore,3.6354166666666665,3.845833333333333,4.129166666666666,1.7085106382978723,6.414583333333333,126.72916666666667,286.6458333333333,278.49375000000003,164.73191489361702,30.58936170212766,12.058695652173913,5.751063829787234,922.5604166666667,194
Madhya Pradesh,Jabalpur,17.943749999999998,19.697916666666668,12.802083333333334,4.012765957446808,6.5062500000000005,163.42708333333334,353.675,408.28541666666666,177.22340425531914,30.148936170212767,9.917391304347825,11.446808510638299,1213.1812499999999,254
Madhya Pradesh,Jhabua,2.502083333333333,0.6625,1.7916666666666667,1.9702127659574467,5.320833333333334,116.72083333333335,279.004347826087,282.2217391304348,146.1108695652174,26.17391304347826,9.94,3.1869565217391305,877.4152173913043,170
Madhya Pradesh,Khandwa / East Nimar,4.866666666666666,3.910416666666667,5.014583333333333,2.251063829787234,8.845833333333333,122.16458333333333,244.83541666666667,247.67499999999998,156.69148936170214,29.044680851063827,11.02340425531915,6.087234042553192,841.5916666666667,201
Madhya Pradesh,Khargone / West Nimar,4.247916666666667,5.1875,4.372916666666666,0.7425531914893617,5.804166666666667,123.48125,251.38541666666666,253.73333333333335,160.8659574468085,26.114893617021277,9.495744680851065,5.98936170212766,851.0416666666666,195
Madhya Pradesh,Mandla,22.335416666666664,23.052083333333332,18.179166666666667,5.787234042553192,8.5625,183.47708333333333,406.6854166666667,436.11041666666665,175.24468085106383,37.319148936170215,9.065217391304348,11.71063829787234,1336.8354166666666,194
Madhya Pradesh,Mandsaur,3.42,2.8222222222222224,4.597777777777778,3.440909090909091,4.633333333333334,89.9888888888889,286.09999999999997,305.28409090909093,129.69534883720928,26.909302325581393,13.25952380952381,3.4395348837209303,873.2704545454545,190
Madhya Pradesh,Morena,5.943478260869565,10.104347826086956,4.860869565217392,4.402222222222222,8.956521739130435,56.59782608695652,231.82,246.2577777777778,107.54772727272729,19.620454545454546,3.5604651162790697,5.620454545454545,707.8977777777778,210
Madhya Pradesh,Narsinghpur,12.135416666666666,14.070833333333333,9.264583333333333,1.8191489361702127,6.902083333333334,153.2125,355.6166666666666,409.3979166666666,183.56382978723406,28.617391304347827,10.795652173913044,7.351063829787234,1189.8354166666666,245
Madhya Pradesh,Panna,19.208333333333332,15.658333333333333,8.433333333333334,4.280851063829787,5.864583333333333,122.70416666666667,342.3854166666667,387.1020833333334,182.10000000000002,33.293617021276596,7.410869565217391,7.114893617021276,1142.1458333333333,280
Madhya Pradesh,Raisen,10.129787234042555,10.172340425531916,6.061702127659574,1.056521739130435,5.493617021276595,145.00425531914894,368.1276595744681,397.17021276595744,180.56739130434784,28.080434782608698,12.317391304347826,9.441304347826087,1171.159574468085,224
Madhya Pradesh,Rajgarh,7.783333333333334,6.054166666666666,5.354166666666667,2.423404255319149,6.927083333333333,112.77291666666667,319.95,345.6270833333333,132.0744680851064,24.502127659574466,12.889130434782608,8.448936170212766,983.74375,201
Madhya Pradesh,Ratlam,3.1291666666666664,2.34375,2.3166666666666664,1.627659574468085,4.447916666666667,113.925,301.9458333333333,331.59791666666666,147.9723404255319,33.74255319148936,11.748936170212767,6.21063829787234,962.69375,194
Madhya Pradesh,Rewa,18.97021276595745,19.616666666666667,8.895744680851063,2.3347826086956522,7.153191489361702,134.63913043478263,302.7723404255319,309.57659574468084,195.13260869565218,36.51086956521739,8.746666666666666,5.921739130434782,1049.0340425531915,178
Madhya Pradesh,Sagar,14.291666666666666,14.958333333333334,10.129166666666666,2.6234042553191492,7.8062499999999995,148.08124999999998,348.5604166666667,402.3645833333333,153.01063829787233,28.30851063829787,11.297826086956523,9.5,1151.9541666666667,194
Madhya Pradesh,Satna,20.0,21.66875,9.102083333333335,3.546808510638298,6.1375,121.6375,300.2625,322.925,191.98297872340427,34.51914893617022,8.291304347826088,6.946808510638298,1050.2958333333333,194
Madhya Pradesh,Sehore,9.7125,9.239583333333334,7.970833333333334,11.819148936170214,17.21875,150.81041666666667,352.531914893617,376.668085106383,171.82608695652175,22.778260869565216,13.580434782608696,7.4021739130434785,1150.7680851063828,210
Madhya Pradesh,Seoni / Shivani,17.691666666666666,19.377083333333335,19.022916666666667,5.538297872340426,9.645833333333334,165.975,361.66041666666666,332.7083333333333,162.06808510638297,42.02340425531915,13.457446808510639,12.631914893617022,1159.85625,240
Madhya Pradesh,Shahdol,20.315555555555555,22.495555555555555,14.244444444444444,9.072727272727272,17.015555555555558,125.24666666666667,307.64444444444445,353.09555555555556,179.63181818181818,34.72954545454545,6.330232558139534,8.247727272727273,1099.008888888889,201
Madhya Pradesh,Shajapur,8.237499999999999,4.627083333333334,4.33125,2.174468085106383,8.283333333333333,104.59166666666665,304.73125,342.731914893617,140.6,21.773913043478263,10.322222222222223,9.48695652173913,968.1829787234042,210
Madhya Pradesh,Shivpuri,9.358333333333333,11.358333333333334,3.747916666666667,2.521276595744681,6.73125,84.95208333333333,286.9458333333333,264.32708333333335,136.02340425531915,24.387234042553192,5.978260869565218,8.080851063829787,844.85,210
Madhya Pradesh,Sidhi,21.712500000000002,19.59375,11.612499999999999,5.329787234042553,13.5,145.32500000000002,326.9166666666667,313.29375,207.15319148936172,36.817021276595746,8.578260869565216,6.642553191489362,1115.0729166666667,200
Madhya Pradesh,Tikamgarh,14.122916666666667,11.86875,5.114583333333333,2.123404255319149,5.120833333333334,98.78936170212766,290.65416666666664,331.71666666666664,148.91914893617022,29.32340425531915,8.704347826086956,8.842553191489362,953.8770833333333,178
Madhya Pradesh,Ujjain,4.7,4.014583333333333,4.522916666666666,2.3,6.779166666666666,117.01666666666667,294.9875,311.5104166666667,145.35531914893616,24.53191489361702,13.463829787234042,8.261702127659575,937.7125,194
Madhya Pradesh,Vidisha,11.054166666666667,9.929166666666667,8.304166666666667,1.851063829787234,5.21875,132.9276595744681,358.4586956521739,382.9608695652174,164.94444444444446,19.74222222222222,10.377272727272727,10.477777777777778,1114.8521739130433,220
Maharashtra,Ahmednagar,0.9791666666666666,1.3770833333333332,4.960416666666667,2.9187499999999997,14.610416666666667,102.38541666666667,91.4875,88.04375,143.72916666666666,65.41666666666667,21.308333333333334,6.333333333333333,543.5500000000001,164
Maharashtra,Akola,10.5625,5.645833333333333,11.918750000000001,2.55625,7.8062499999999995,140.53125,212.06458333333333,215.70833333333334,124.81458333333335,46.43958333333333,18.470833333333335,5.879166666666666,802.3895833333332,194
Maharashtra,Amarawati,10.325000000000001,6.910416666666666,12.606250000000001,3.3125,6.51875,143.85416666666666,249.98749999999998,251.43541666666667,141.17291666666668,44.62916666666666,15.545833333333334,9.939583333333333,896.2354166666668,171
Maharashtra,Aurangabad,2.747916666666667,2.0541666666666667,5.385416666666667,2.214583333333333,14.341666666666667,124.73541666666667,146.66666666666666,145.38541666666666,155.23749999999998,54.70208333333333,19.116666666666667,9.65625,682.2395833333334,171
Maharashtra,Beed,3.2895833333333333,1.8499999999999999,6.1312500000000005,5.45,12.729166666666666,119.72916666666667,125.30624999999999,134.95833333333334,167.60625000000002,64.58125,18.966666666666665,11.529166666666667,672.1437500000001,171
Maharashtra,Bhandara,26.62291666666667,28.527083333333334,38.802083333333336,18.289583333333333,18.860416666666666,184.0979166666667,375.23541666666665,369.5083333333334,166.92499999999998,45.925000000000004,11.560416666666667,11.541666666666666,1295.8833333333334,200
Maharashtra,Bombay,0.34285714285714286,0.47142857142857136,1.2190476190476192,0.2714285714285714,8.885714285714286,487.62,771.92,438.25333333333333,304.4266666666666,51.55714285714286,3.380952380952381,1.138095238095238,2418.8230769230768,193
Maharashtra,Buldhana,6.112500000000001,3.6458333333333335,10.0,2.6020833333333333,6.2875000000000005,133.89791666666667,186.64791666666667,201.09583333333333,122.66250000000001,49.574999999999996,13.358333333333334,7.03125,742.9250000000001,185
Maharashtra,Chandrapur,18.864583333333332,9.479166666666666,17.902083333333334,10.94375,12.752083333333333,191.57083333333333,349.6270833333333,340.6958333333333,166.10208333333335,60.25833333333333,9.24375,8.585416666666667,1196.0229166666666,164
Maharashtra,Dhule,1.08125,1.7354166666666666,2.4625,0.8416666666666667,5.9875,128.38333333333333,177.15416666666667,142.79583333333332,127.65625,34.46458333333333,12.99375,4.6875,640.24375,180
Maharashtra,Jalgaon,4.2124999999999995,4.102083333333334,4.827083333333333,1.7270833333333335,7.635416666666667,123.66666666666667,187.31458333333333,197.33541666666667,125.90208333333334,37.58958333333333,13.079166666666666,7.570833333333333,714.9416666666666,180
Maharashtra,Kolhapur,1.96875,0.8854166666666666,7.3374999999999995,20.57916666666667,43.57916666666667,355.325,626.40625,449.5958333333333,191.52916666666667,111.24791666666665,23.297916666666666,3.954166666666667,1835.71875,196
Maharashtra,Nagpur,21.864583333333332,13.739583333333334,18.004166666666666,7.016666666666667,12.054166666666667,168.46458333333334,309.8875,269.89166666666665,159.02708333333334,49.6,14.0,12.464583333333332,1055.9979166666667,180
Maharashtra,Nanded,7.633333333333333,4.372916666666667,9.106250000000001,5.779166666666666,13.608333333333334,146.87708333333333,222.21666666666667,227.45624999999998,157.475,72.6375,13.504166666666668,6.166666666666667,886.8333333333334,182
Maharashtra,Nasik,1.8333333333333333,0.8312499999999999,2.1645833333333333,2.625,13.529166666666667,162.31041666666667,289.5625,243.01666666666665,183.7145833333333,56.231249999999996,15.545833333333334,4.3,975.6750000000001,217
Maharashtra,Osmanabad,4.20625,2.65625,8.116666666666667,7.546808510638297,24.28723404255319,110.85744680851064,130.81702127659574,139.79787234042553,176.55106382978724,74.38723404255319,19.127659574468087,3.778723404255319,701.831914893617,171
Maharashtra,Parbhani,6.870833333333334,3.0854166666666667,10.254166666666666,15.541666666666666,11.831249999999999,150.96875,199.13958333333335,211.75,156.80625,71.37708333333333,12.658333333333333,8.841666666666667,859.1062499999999,162
Maharashtra,Pune,0.6770833333333334,0.525,2.922916666666667,5.420833333333333,17.033333333333335,184.60625000000002,300.675,224.1833333333333,168.62708333333333,76.82083333333334,21.099999999999998,5.895833333333333,1008.49375,171
Maharashtra,Raigad,1.3812499999999999,0.12291666666666667,1.2166666666666668,1.1958333333333333,18.083333333333332,655.7624999999999,1157.6458333333333,808.7395833333334,399.7270833333334,103.23958333333333,15.370833333333332,4.3812500000000005,3166.852083333333,195
Maharashtra,Ratnagiri,1.2770833333333333,0.010416666666666666,0.8958333333333334,0.7145833333333332,26.5625,818.43125,1134.5520833333333,777.63125,385.45208333333335,130.01874999999998,22.304166666666664,4.08125,3301.9229166666664,192
Maharashtra,Sangli,2.8687500000000004,0.5645833333333333,5.920833333333333,17.095833333333335,37.733333333333334,120.80208333333333,125.48125,104.75416666666666,137.9125,97.76875,21.48125,4.06875,676.4479166666666,178
Maharashtra,Satara,0.8500000000000001,1.2750000000000001,4.185416666666667,13.44375,29.491666666666664,220.91458333333333,352.66041666666666,274.3520833333333,175.3395833333333,93.96249999999999,25.095833333333335,6.247916666666666,1197.8270833333333,180
Maharashtra,Solapur,3.8541666666666665,2.11875,6.408333333333334,8.785416666666666,24.506249999999998,99.38958333333333,90.24374999999999,107.98958333333333,173.30416666666667,93.65625,21.452083333333334,5.872916666666666,637.5791666666667,164
Maharashtra,Thane,0.4791666666666667,0.17500000000000002,0.6145833333333334,0.4375,8.989583333333334,461.83958333333334,879.6416666666668,629.5270833333333,334.74375000000003,61.510416666666664,11.450000000000001,2.004166666666667,2391.414583333333,182
Maharashtra,Wardha,19.102083333333333,9.195833333333333,14.785416666666668,6.5375000000000005,13.754166666666668,182.05208333333334,283.70208333333335,256.27916666666664,150.12083333333334,54.043749999999996,12.158333333333333,11.737499999999999,1013.4562500000001,194
Maharashtra,Yeotmal,12.532352941176471,3.5294117647058822,14.855882352941178,3.264705882352941,10.597058823529412,171.79117647058823,264.0735294117647,248.9323529411765,135.2705882352941,56.42941176470588,9.279411764705882,6.805882352941175,937.3558823529411,195
Orissa,Balasore,14.142857142857142,27.195918367346938,34.48571428571429,61.195918367346934,111.33673469387755,249.72653061224491,302.52500000000003,359.8020833333333,288.12291666666664,166.4375,30.520833333333332,5.277083333333334,1653.7583333333332,180
Orissa,Bolangir,10.436,9.48,14.277999999999999,17.972,32.16,190.19400000000002,365.94800000000004,341.87199999999996,208.22799999999998,49.028,10.984000000000002,5.478,1256.032,217
Orissa,Cuttack,12.328,19.502,23.2,29.072,79.574,205.3,330.57199999999995,354.436,247.68200000000002,143.918,31.36,3.698,1480.64,217
Orissa,Dhenkanal,9.843478260869565,13.22391304347826,25.55217391304348,35.04130434782609,69.85652173913044,213.91304347826087,330.6521739130435,336.16739130434786,218.28478260869565,110.77391304347827,18.026086956521738,4.584782608695653,1385.9065217391303,217
Orissa,Ganjam,14.364,19.014,25.74,30.61,67.166,157.168,226.852,237.334,221.88400000000001,184.74599999999998,65.622,6.784,1257.282,187
Orissa,Kalahandi,9.635416666666666,9.414583333333333,17.493750000000002,22.7375,42.83541666666667,235.58541666666667,405.79583333333335,411.575,228.36875,61.927083333333336,10.972916666666668,3.702083333333333,1460.03125,185
Orissa,Keonjhar,17.113333333333333,11.803333333333333,16.57,38.46333333333334,89.05,221.0533333333333,295.56333333333333,302.5833333333333,226.59333333333333,102.46333333333334,15.103333333333333,5.23,1341.5800000000002,217
Orissa,Koraput,4.8740000000000006,8.924,13.208,39.07,64.554,204.518,348.056,368.134,237.65200000000002,90.37,25.002,4.294,1408.646,210
Orissa,Mayurbhanja,13.540816326530612,18.979591836734695,32.00204081632653,51.87142857142857,107.28367346938776,259.11224489795916,305.765306122449,364.26938775510206,260.9387755102041,123.17551020408162,18.06530612244898,6.077551020408164,1561.05306122449,240
Orissa,Phulbani ( Kandhamal ),14.56,18.51,23.162,41.952,69.78399999999999,206.25599999999997,355.15,373.334,246.908,105.27799999999999,29.47,6.086,1490.4360000000001,215
Orissa,Puri,10.594000000000001,13.504000000000001,14.675999999999998,19.564,64.806,164.028,279.968,321.89,231.606,167.68599999999998,51.124,6.803999999999999,1346.2420000000002,217
Orissa,Sambalpur,12.406,14.59,12.924000000000001,13.82,31.584,216.71400000000003,407.256,433.67400000000004,220.33599999999998,53.08,9.096,6.196000000000001,1431.662,180
Orissa,Sundargarh,15.116,13.966,11.634,15.972000000000001,40.338,201.97799999999998,354.56199999999995,364.534,203.144,55.84,10.632,5.9639999999999995,1293.662,200
Punjab,Amritsar,20.067999999999998,30.148000000000003,32.32,18.128,18.004,54.778,159.144,164.81,72.63,14.158,5.95,12.152000000000001,602.286,149
Punjab,Bhatinda,8.226,16.972,12.677999999999999,6.656000000000001,11.856,34.814,92.9,87.14200000000001,46.012,4.135999999999999,2.7940000000000005,4.29,328.464,90
Punjab,Ferozpur,11.084000000000001,13.62,15.068,8.77,10.978,28.344,92.292,75.29591836734694,44.443999999999996,4.914000000000001,2.57,4.856,310.692,104
Punjab,Gurdaspur,45.38,56.6,52.646,26.304000000000002,22.2,81.418,297.508,304.754,106.82799999999999,16.067999999999998,8.931999999999999,22.19,1040.826,180
Punjab,Hoshiarpur,29.1625,37.980000000000004,30.055,14.2025,17.3475,75.05499999999999,225.95749999999998,207.445,95.4875,7.1625,7.802499999999999,18.5475,766.1899999999999,210
Punjab,Jalandhar,23.596153846153847,39.207692307692305,23.065384615384616,16.861538461538462,12.669230769230769,54.46153846153846,161.7653846153846,157.36923076923077,96.88076923076923,5.053846153846154,4.211538461538462,11.288461538461538,606.4307692307692,180
Punjab,Kapurthala,24.4,54.473076923076924,24.957692307692305,18.896153846153847,12.523076923076925,44.58846153846154,160.10384615384615,105.84615384615384,77.78846153846153,9.346153846153847,6.934615384615384,7.376923076923077,547.2346153846154,180
Punjab,Ludhiana,17.6,25.69,21.894000000000002,14.35,17.596,53.70400000000001,160.816,146.952,76.47,7.497999999999999,4.2780000000000005,13.898,560.756,210
Punjab,Patiala,21.956,25.97,21.26,13.043999999999999,23.204,75.104,202.34400000000002,180.138,94.11,9.132,3.9960000000000004,13.677999999999999,683.942,194
Punjab,Roopnagar / Ropar,33.382222222222225,29.431111111111115,53.76,14.624444444444444,23.54,69.79555555555557,246.9511111111111,220.7733333333333,94.64222222222222,13.326666666666668,8.584444444444445,21.266666666666666,830.071111111111,240
Punjab,Sangrur,11.353061224489794,17.930612244897958,14.579591836734693,11.742857142857142,14.928571428571429,40.18775510204082,125.43469387755103,110.15510204081633,54.62040816326531,5.608163265306123,3.222448979591837,10.538775510204081,420.29387755102044,150
Rajasthan,Ajmer,3.878,5.172000000000001,3.0660000000000003,2.99,10.498,53.718,170.50400000000002,164.362,68.382,6.682,3.674,2.128,495.04400000000004,104
Rajasthan,Alwar,7.544,13.004000000000001,8.28,6.44,18.784000000000002,67.96600000000001,175.87,192.648,96.06,13.37,2.7239999999999998,4.266,606.9580000000001,120
Rajasthan,Banswara,4.882499999999999,1.4525000000000001,2.3274999999999997,0.58,4.5,103.6075,319.3625,320.45,160.2425,16.345,9.155,2.82,945.725,177
Rajasthan,Barmer,0.8666666666666667,3.25,4.066666666666667,3.5687499999999996,10.404166666666667,30.585714285714285,91.01041666666667,96.81666666666666,38.577083333333334,7.9875,3.372916666666667,0.5020833333333333,293.22340425531917,58
Rajasthan,Bharatpur,7.808,9.35,5.457999999999999,4.22,10.436,59.152,183.922,212.71400000000003,90.146,12.62,2.612,4.22,602.664,180
Rajasthan,Bhilwara,3.566,4.782,4.48,3.84,8.666,61.288000000000004,224.49400000000003,225.412,76.96600000000001,8.354,8.248000000000001,3.47,633.576,150
Rajasthan,Bikaner,3.9739999999999998,10.308,7.702000000000001,6.184,17.875999999999998,33.861999999999995,85.32,69.83800000000001,35.73,7.942,1.682,2.65,283.05400000000003,44
Rajasthan,Bundi,3.974,5.251999999999999,4.992,2.7319999999999998,5.968,72.024,231.002,225.918,85.51,10.572000000000001,7.652,2.964,658.552,201
Rajasthan,Chittorgarh,3.4359999999999995,3.182,3.678,3.138,8.97,75.406,256.986,284.758,103.43,13.777999999999999,11.182,2.388,770.346,194
Rajasthan,Churu,5.556,9.576,7.8260000000000005,6.43,19.142,48.786,132.048,104.318,48.138000000000005,6.728,1.932,2.772,393.246,60
Rajasthan,Dungarpur,2.0180000000000002,1.7339999999999998,1.83,1.204,4.294,81.212,241.26,245.40599999999998,106.37200000000001,11.276,11.574000000000002,1.89,710.072,170
Rajasthan,Ganganagar,3.68,11.436,8.55,6.132000000000001,10.742,31.91,70.9673469387755,62.403999999999996,35.004,4.262,1.2160000000000002,3.01,249.23469387755102,58
Rajasthan,Jaipur,5.6,9.93,4.882,4.83,14.614,60.31399999999999,203.612,182.054,68.506,12.474,3.008,3.432,573.254,111
Rajasthan,Jaisalmer,0.89,4.006,2.3040000000000003,4.528,7.596,21.358,59.626000000000005,60.06,23.234,4.1659999999999995,1.018,1.558,190.34599999999998,28
Rajasthan,Jalore,1.9880000000000002,3.0039999999999996,3.102,2.37,6.707999999999999,37.152,160.04399999999998,131.414,62.32,9.937999999999999,7.728,0.862,426.634,90
Rajasthan,Jhalawar,5.57,4.412,3.0439999999999996,1.77,5.898,96.52,285.126,340.47,122.35799999999999,22.35,10.642000000000001,5.8020000000000005,903.9580000000001,194
Rajasthan,Jhunjhunu,7.034,10.894,7.526,5.906000000000001,21.594,56.403999999999996,142.85399999999998,141.246,55.372,9.918,3.272,4.548,466.57,90
Rajasthan,Jodhpur,2.27,4.428,2.838,5.942,10.984000000000002,33.984,116.762,102.556,45.222,5.852,2.238,1.162,334.23199999999997,88
Rajasthan,Kota,5.184,5.15,4.638,3.8440000000000003,8.106,82.62200000000001,266.872,261.73,92.33,20.888,7.544,3.964,762.862,201
Rajasthan,Nagaur,3.97,6.672000000000001,3.7179999999999995,5.432,14.64,56.01599999999999,139.27200000000002,113.97,45.214,7.534,2.252,2.0140000000000002,400.71,82
Rajasthan,Pali,2.0140000000000002,2.9739999999999998,2.8440000000000003,2.748,6.414,46.49,172.296,160.662,63.38399999999999,7.716,3.67,1.33,472.55199999999996,95
Rajasthan,Sikar,4.185714285714286,9.803571428571429,5.896428571428571,5.867857142857143,16.742857142857144,75.23928571428571,134.63214285714284,145.41071428571428,51.69285714285714,14.15,2.414285714285714,4.596428571428571,470.63214285714287,90
Rajasthan,Sirohi,21.51923076923077,2.888461538461539,1.9884615384615385,2.5384615384615383,4.530769230769231,71.66153846153847,280.2346153846154,242.43076923076922,125.26153846153846,22.346153846153847,5.938461538461539,0.38461538461538464,781.7230769230769,120
Rajasthan,Swami Madhopur,7.1692307692307695,5.323076923076924,5.773076923076924,3.373076923076923,9.773076923076923,68.38076923076923,226.31153846153848,252.98846153846154,85.8423076923077,19.53846153846154,6.0307692307692315,1.8923076923076922,692.3961538461538,180
Rajasthan,Tonk,3.752083333333333,5.6875,3.6041666666666665,3.8083333333333336,8.897916666666665,56.458333333333336,218.75208333333333,211.63958333333335,71.05208333333333,9.454166666666667,4.397916666666666,2.160416666666667,599.6583333333333,150
Rajasthan,Udaipur,2.588,2.316,3.4619999999999997,3.002,6.914,76.52,215.032,215.326,102.228,12.362,8.862,1.734,650.342,159
Tamil Nadu,Chengalpattu MGR / Kanchipuram,13.863636363636363,4.836363636363637,3.7181818181818183,10.518181818181818,67.43636363636364,100.99090909090908,82.54545454545455,144.78181818181818,140.3,234.94545454545457,351.3363636363636,165.05454545454543,1320.3272727272727,194
Tamil Nadu,Chennai,16.96153846153846,12.884615384615385,8.665384615384616,19.70384615384615,52.70769230769231,87.33200000000001,97.652,121.87200000000001,137.22,321.264,348.01599999999996,163.856,1368.876,-1
Tamil Nadu,Coimbatore,6.922000000000001,11.255999999999998,23.974,54.528,75.346,116.24489795918367,142.53673469387755,118.60816326530613,114.07959183673469,162.97755102040816,134.78571428571428,45.76122448979592,1004.8836734693878,90
Tamil Nadu,Kanyakumari,14.12857142857143,23.692857142857143,41.93928571428571,110.20714285714287,118.15714285714286,177.81785714285712,92.425,89.08214285714284,119.21071428571429,246.54285714285714,211.45714285714286,62.93928571428571,1307.5892857142858,268
Tamil Nadu,Madurai,10.622,11.748,23.712,51.83,70.102,32.99387755102041,47.46122448979592,78.98163265306123,122.04081632653062,184.18775510204082,147.29795918367347,55.38979591836735,835.9142857142858,171
Tamil Nadu,North Arcot / Vellore,7.402,6.704,10.296,22.758000000000003,66.828,69.2265306122449,105.89183673469387,124.25918367346938,154.72244897959183,224.0081632653061,156.30612244897958,70.0530612244898,1017.8285714285714,155
Tamil Nadu,Ramananthapuram,25.695999999999998,22.08,43.68,49.144,41.798,15.66326530612245,23.689795918367345,35.365306122448985,58.59591836734693,201.34081632653061,201.77346938775509,131.8673469387755,852.265306122449,120
Tamil Nadu,Salem,5.794,6.018,16.212,49.15,97.516,57.3,78.61224489795919,115.59795918367347,158.91224489795917,175.08367346938778,128.4795918367347,50.95510204081633,938.7102040816327,171
Tamil Nadu,South Arcot / Cuddalore,19.486,15.414000000000001,17.628,18.222,51.1,45.67551020408163,68.48163265306123,117.15306122448979,130.69183673469388,226.08979591836734,313.1734693877551,169.74489795918367,1184.5326530612244,185
Tamil Nadu,Thanjavur,19.715999999999998,17.354,18.348,30.308000000000003,56.416000000000004,34.351020408163265,55.16734693877551,103.40816326530613,117.71632653061225,196.2408163265306,258.92448979591836,159.11020408163265,1067.3183673469387,157
Tamil Nadu,The Nilgiris,16.598,21.772,38.088,71.454,111.62,201.36938775510205,270.0367346938775,227.65510204081633,178.4714285714286,236.51020408163265,188.67755102040817,86.81020408163265,1648.3265306122448,300
Tamil Nadu,Thirunelveli,24.54,34.364000000000004,49.878,66.324,46.242,35.93265306122449,30.56122448979592,24.36530612244898,39.655102040816324,172.76530612244898,229.77346938775509,107.3795918367347,862.1734693877551,111
Tamil Nadu,Tiruchirapalli / Trichy,7.64,7.296,12.982000000000001,29.334,60.126000000000005,27.779591836734696,38.775510204081634,72.87346938775511,126.89183673469387,155.63061224489795,157.45714285714286,78.56326530612245,775.6428571428571,164
Telangana,Adilabad,10.458,6.67,13.998,10.716,18.974,170.574,292.036,292.256,164.328,74.274,13.836000000000002,6.088000000000001,1074.2,178
Telangana,Hyderabad,7.522,8.248000000000001,16.636000000000003,20.174,28.581999999999997,107.18799999999999,162.346,210.59,142.062,95.512,24.944000000000003,4.186,827.966,150
Telangana,Karimnagar,12.132,6.61,13.304,12.382,20.304,138.75,248.49400000000003,230.204,156.19799999999998,76.904,18.887999999999998,4.666,938.824,182
Telangana,Khammam,6.256,7.934,12.88,20.676,49.44,145.998,284.132,268.45599999999996,174.14,105.74799999999999,27.458000000000002,5.63,1108.61,185
Telangana,Mahabubnagar,1.766,2.842,8.032,16.332,30.674,80.946,129.98,141.29399999999998,137.21,92.068,19.47,2.3680000000000003,662.988,141
Telangana,Medak,6.3,5.163265306122449,12.448979591836734,16.099999999999998,23.79591836734694,115.18775510204081,194.9918367346939,206.85714285714286,148.3204081632653,82.45306122448979,19.03061224489796,2.979591836734694,833.6224489795918,165
Telangana,Nalgonda,5.526,4.98,8.674,13.79,27.6,86.51799999999999,137.672,141.14600000000002,138.87,105.396,30.77,5.434,706.306,175
Telangana,Nizamabad,9.8,5.33,12.966,11.356,18.802,145.42,264.91200000000003,271.442,152.804,81.17,15.655999999999999,4.274,993.932,141
Telangana,Warangal,9.248000000000001,7.245999999999999,12.722000000000001,14.878,27.982,140.434,265.546,237.37599999999998,158.28799999999998,89.72399999999999,21.222,6.741999999999999,991.316,201
Uttar Pradesh,Agra,10.059574468085106,10.146808510638298,7.8446808510638295,6.1255319148936165,11.28936170212766,44.90212765957447,181.2872340425532,217.65744680851063,87.30638297872339,21.682978723404254,3.9063829787234043,5.031914893617022,610.6739130434783,187
Uttar Pradesh,Aligarh,14.191304347826087,14.017391304347825,11.617391304347825,7.239130434782608,16.293478260869566,50.17659574468085,185.50425531914894,217.37234042553192,93.3127659574468,20.04255319148936,2.648936170212766,6.940425531914894,635.6391304347826,187
Uttar Pradesh,Allahabad,17.78510638297872,13.582978723404254,8.604255319148935,5.276595744680851,8.342553191489362,81.52978723404256,239.61914893617023,238.21063829787232,165.03404255319148,32.14255319148936,6.993617021276595,5.929787234042553,826.5239130434783,164
Uttar Pradesh,Azamgarh,17.827272727272728,17.161363636363635,19.495454545454546,14.72272727272727,21.288636363636364,86.04318181818182,256.575,231.51590909090908,164.6727272727273,30.927272727272726,4.532558139534884,5.686046511627907,860.1325581395348,235
Uttar Pradesh,Bahraich,14.491489361702127,16.15531914893617,9.497872340425532,13.363829787234042,33.91276595744681,160.21702127659574,345.12978723404257,286.1255319148936,209.25531914893617,37.86808510638298,2.376595744680851,7.948936170212766,1133.6673913043478,231
Uttar Pradesh,Ballia,15.378260869565217,17.167391304347827,13.817391304347826,9.367391304347825,19.48695652173913,84.70652173913044,246.67391304347825,189.2872340425532,120.0872340425532,29.97872340425532,2.8446808510638295,2.389130434782609,750.5,230
Uttar Pradesh,Banda,12.853191489361702,13.061702127659574,9.95531914893617,10.972340425531916,20.24042553191489,93.9191489361702,213.85744680851062,247.24042553191487,139.1872340425532,25.80212765957447,4.974468085106383,7.361702127659575,798.0391304347827,188
Uttar Pradesh,Barabanki,14.68913043478261,20.130434782608695,12.552173913043477,10.826086956521738,25.468888888888888,106.89333333333333,270.5863636363636,229.65,179.03636363636363,28.93777777777778,1.9733333333333332,7.691111111111112,907.5418604651163,224
Uttar Pradesh,Bareilly,15.953191489361702,17.47021276595745,10.042553191489361,7.5638297872340425,18.140425531914893,111.82978723404256,264.51702127659576,244.56382978723406,156.37021276595746,28.05744680851064,2.6595744680851063,7.276595744680851,891.3021739130435,224
Uttar Pradesh,Basti,15.006666666666666,19.23111111111111,27.595555555555556,21.96888888888889,28.591111111111108,136.1238095238095,267.1875,237.13333333333335,157.9425,27.46222222222222,1.8777777777777778,9.311111111111112,978.7184210526317,187
Uttar Pradesh,Bijnor,25.761702127659575,29.231914893617024,22.429787234042553,10.22340425531915,22.80212765957447,104.54255319148936,287.8978723404255,311.1521739130435,143.3531914893617,25.395744680851063,3.870212765957447,10.061702127659574,1006.0288888888889,210
Uttar Pradesh,Budaun,13.428260869565218,16.252173913043475,17.784782608695654,11.967391304347826,16.07391304347826,79.28292682926829,219.84634146341466,227.07142857142858,109.07619047619048,23.65,3.0630434782608695,6.57391304347826,752.4300000000001,215
Uttar Pradesh,Buland Shahar,14.751063829787233,16.387234042553192,19.7,11.908510638297873,13.076595744680851,50.85957446808511,173.39787234042552,198.9255319148936,102.62127659574467,14.061702127659574,2.6042553191489364,7.368085106382979,624.6765957446809,180
Uttar Pradesh,Deoria,17.171739130434784,19.906521739130437,16.441304347826087,12.791304347826086,31.82608695652174,112.95555555555555,293.79318181818184,213.76363636363638,155.51363636363638,43.606521739130436,2.5847826086956522,5.3826086956521735,924.8255813953489,230
Uttar Pradesh,Etah,9.957777777777778,11.3,7.6644444444444435,7.586666666666668,15.577777777777778,54.754999999999995,174.22820512820513,203.59,93.27142857142857,18.128888888888888,2.137777777777778,4.271111111111111,614.6631578947369,160
Uttar Pradesh,Etawah,7.684444444444445,11.655555555555555,6.931111111111111,1.5955555555555554,10.844444444444445,54.924390243902444,178.52195121951218,208.09,104.52195121951219,21.515555555555558,2.8822222222222225,6.053333333333333,618.6615384615385,210
Uttar Pradesh,Faizabad,14.522222222222222,18.77111111111111,17.013333333333335,11.74888888888889,23.26222222222222,113.99111111111112,293.7,243.27727272727273,168.4181818181818,30.211111111111112,2.64,8.748888888888889,946.1581395348838,240
Uttar Pradesh,Farrukhabad,10.37111111111111,12.517777777777777,7.204444444444444,10.337777777777777,21.404444444444444,69.09756097560975,221.274358974359,215.7625,123.09756097560975,23.89111111111111,3.6577777777777776,4.5777777777777775,739.0447368421053,210
Uttar Pradesh,Fatehpur,21.987234042553194,25.48510638297872,15.64255319148936,8.180851063829786,9.053191489361701,83.34468085106384,211.36808510638295,213.62340425531914,142.6936170212766,21.5,4.638297872340425,8.45531914893617,770.8826086956522,180
Uttar Pradesh,Ghazipur,10.659574468085106,12.193617021276596,10.853191489361702,12.668085106382978,18.206382978723404,84.21777777777778,222.38181818181818,241.0909090909091,177.6340909090909,33.785106382978725,7.046808510638297,2.9936170212765956,839.3697674418605,230
Uttar Pradesh,Gonda,18.98085106382979,26.380851063829788,18.9,14.96595744680851,23.595744680851062,138.9936170212766,303.93191489361703,272.47446808510637,172.65531914893617,46.338297872340426,1.9914893617021276,7.614893617021276,1049.3130434782609,240
Uttar Pradesh,Gorakhpur,15.304255319148934,12.753191489361702,9.417021276595746,12.417021276595746,33.52553191489362,187.6212765957447,376.1744680851064,342.168085106383,233.0148936170213,60.88085106382979,4.2042553191489365,9.319148936170214,1290.9108695652174,240
Uttar Pradesh,Hamirpur,14.725531914893617,9.285106382978723,6.1127659574468085,7.63404255319149,15.23191489361702,74.98372093023256,199.5511627906977,261.8232558139535,132.10454545454547,25.225531914893615,3.502127659574468,8.004255319148935,763.5547619047619,210
Uttar Pradesh,Hardoi,14.070212765957447,12.382978723404255,9.04468085106383,9.893617021276595,20.614893617021277,83.1872340425532,221.03404255319148,191.26170212765956,144.87021276595743,33.28936170212766,3.425531914893617,7.091489361702128,750.3652173913044,210
Uttar Pradesh,Jalaun,9.863829787234042,11.572340425531914,5.491489361702128,6.468085106382978,17.504255319148935,67.07045454545454,223.86046511627907,249.97954545454547,126.39777777777779,26.217021276595744,4.802127659574468,8.048936170212766,760.6071428571429,224
Uttar Pradesh,Jaunpur,15.12,24.371111111111112,15.182222222222224,8.542222222222222,11.61111111111111,74.88888888888889,252.5377777777778,197.01333333333335,166.92954545454543,24.653488372093022,4.902222222222222,5.138636363636364,790.6431818181819,210
Uttar Pradesh,Jhansi,10.461702127659574,12.27659574468085,7.740425531914894,4.5,8.591489361702127,88.43695652173913,236.0021739130435,259.0744680851064,123.46304347826087,23.412765957446805,6.48936170212766,8.321276595744681,785.4133333333333,194
Uttar Pradesh,Kanpur,37.725,35.45,26.825,3.65,2.875,73.85,184.275,116.275,67.25,31.025,0.025,7.875,586.925,199
Uttar Pradesh,Kheri,18.02127659574468,18.282978723404256,21.32340425531915,18.914893617021278,40.82127659574468,142.77234042553192,301.3127659574468,261.41914893617025,197.931914893617,37.31276595744681,3.1630434782608696,9.008695652173913,1096.4666666666667,231
Uttar Pradesh,Lucknow,14.270212765957448,15.202127659574469,9.585106382978724,6.431914893617021,16.195744680851064,99.12765957446808,228.51063829787233,213.1936170212766,165.42127659574467,28.927659574468084,4.3446808510638295,8.929787234042553,808.3891304347826,217
Uttar Pradesh,Mainpuri,10.561702127659574,15.695744680851066,16.859574468085107,11.872340425531915,15.187234042553191,64.1063829787234,168.38297872340425,202.62765957446808,108.29148936170212,23.282978723404256,5.86595744680851,6.751063829787234,667.3244444444445,217
Uttar Pradesh,Mathura,6.846808510638298,8.848936170212765,8.151063829787235,7.570212765957447,16.48936170212766,47.644444444444446,179.49772727272727,191.875,75.92,14.844680851063831,1.9191489361702128,5.129787234042553,554.0340909090909,180
Uttar Pradesh,Meerut,15.091489361702127,21.52127659574468,16.44468085106383,12.102127659574467,16.706382978723404,66.38297872340425,203.3255319148936,233.50212765957448,107.08297872340425,16.77446808510638,4.465957446808511,10.98723404255319,723.4787234042553,134
Uttar Pradesh,Mirzpur,20.05531914893617,29.34255319148936,15.855319148936172,7.272340425531915,10.902127659574468,81.70222222222222,260.57272727272726,257.55,175.34318181818182,25.451063829787234,6.934042553191489,4.763829787234043,898.653488372093,210
Uttar Pradesh,Moradabad,18.806382978723402,18.814893617021276,15.378723404255318,14.959574468085107,18.30851063829787,101.77391304347827,262.47727272727275,274.65,153.28666666666666,26.080851063829787,3.1872340425531918,9.34468085106383,926.3953488372093,210
Uttar Pradesh,Muzaffarnagar,21.685106382978724,23.72340425531915,17.017021276595745,8.44468085106383,14.272340425531914,65.4391304347826,206.77954545454543,213.99318181818182,105.51590909090909,13.922727272727274,4.720454545454545,12.668181818181818,713.1886363636363,180
Uttar Pradesh,Pilibhit,12.44090909090909,16.804545454545455,17.322727272727274,13.711363636363638,27.686363636363637,98.66190476190476,247.065,220.35365853658536,119.27857142857142,17.786363636363635,2.1886363636363635,6.2318181818181815,814.0666666666666,230
Uttar Pradesh,Pratapgarh,13.517777777777777,11.277777777777779,11.275555555555554,12.068888888888889,13.362222222222222,74.63658536585366,236.75897435897437,254.83846153846156,164.51951219512196,26.864444444444448,4.66,6.359999999999999,839.3684210526316,188
Uttar Pradesh,Rae-Bareily,8.073333333333334,5.704444444444444,3.588888888888889,2.725,10.135555555555555,72.56190476190476,208.57073170731707,176.36341463414632,132.36190476190475,33.41111111111111,1.3955555555555554,7.591111111111112,677.295,208
Uttar Pradesh,Rampur,15.206666666666665,20.38,19.195555555555554,15.171111111111113,17.295555555555556,69.47619047619048,240.4435897435897,231.50500000000002,122.23170731707317,22.297777777777778,2.7688888888888887,6.806666666666667,819.5918918918919,230
Uttar Pradesh,Saharanpur,25.33404255319149,41.285106382978725,35.723404255319146,20.70851063829787,20.70425531914894,89.6,234.2872340425532,252.8787234042553,123.87872340425533,18.431914893617023,4.319148936170213,13.753191489361702,878.5617021276596,180
Uttar Pradesh,Shahjahanpur,10.75,15.48695652173913,10.96304347826087,10.81304347826087,25.45,93.3953488372093,232.97619047619048,219.20714285714288,136.6904761904762,29.19782608695652,2.9782608695652173,7.0782608695652165,802.6560975609757,210
Uttar Pradesh,Sitapur,13.756521739130434,14.365217391304347,13.704347826086956,20.256521739130434,35.006521739130434,120.27333333333334,247.87045454545452,211.16136363636363,169.29545454545453,32.63913043478261,3.365217391304348,8.660869565217393,900.1046511627907,230
Uttar Pradesh,Sultanpur,11.204444444444444,11.093333333333334,5.444444444444445,4.671111111111111,14.755555555555556,85.95952380952382,262.83414634146345,243.6341463414634,158.96279069767442,28.877777777777776,3.08,7.493333333333333,845.8725000000001,220
Uttar Pradesh,Unnao,21.602272727272727,22.520454545454545,14.509090909090908,8.700000000000001,15.204545454545455,77.61,213.44736842105263,211.57179487179485,156.065,28.597727272727273,2.834090909090909,7.304545454545454,798.8945945945945,210
Uttar Pradesh,Varanasi,14.836170212765957,15.480851063829787,9.297872340425531,6.191489361702128,12.399999999999999,88.10851063829789,273.07234042553193,259.43829787234046,179.40212765957446,30.71914893617021,8.572340425531914,4.034042553191489,898.7369565217392,224
Uttarakhand,Almorah,31.640476190476193,42.82857142857143,36.595238095238095,24.87906976744186,39.08095238095238,118.61025641025641,255.86315789473682,231.00789473684208,143.86153846153846,18.05,5.069047619047619,18.34285714285714,978.7945945945946,230
Uttarakhand,Chamoli,58.575,83.35909090909091,82.57209302325582,45.29777777777778,57.347727272727276,108.16136363636365,293.5863636363636,266.6340909090909,134.00697674418606,31.065116279069766,8.186046511627907,28.030232558139534,1184.6953488372094,277
Uttarakhand,Dehradun,39.18181818181818,51.345454545454544,56.36590909090909,29.10222222222222,45.627272727272725,192.45454545454547,522.6909090909091,544.6999999999999,247.1772727272727,31.754545454545454,8.095454545454546,20.365909090909092,1805.8302325581394,307
Uttarakhand,Garhwal,24.644186046511628,37.25581395348837,27.944186046511625,21.393181818181816,37.27441860465116,123.22894736842105,337.9973684210526,355.12631578947367,157.56410256410257,19.546511627906977,5.018604651162791,13.813953488372093,1179.5297297297298,280
Uttarakhand,Nainital,30.236363636363638,39.913636363636364,35.565909090909095,23.4,38.820454545454545,182.9909090909091,408.09772727272724,378.83409090909095,228.66136363636363,32.65909090909091,5.3522727272727275,14.447727272727274,1431.1348837209302,270
Uttarakhand,Pithorgarh,57.972727272727276,63.695454545454545,54.6,42.02,73.90454545454546,201.91590909090908,451.40909090909093,423.53409090909093,240.35454545454547,45.42727272727273,9.427272727272728,22.886363636363637,1702.474418604651,286
Uttarakhand,Tehri Garhwal,41.279545454545456,53.98636363636364,48.81818181818182,30.453333333333337,47.88181818181818,139.38863636363638,324.22499999999997,310.85681818181814,126.75681818181819,23.188636363636366,6.715909090909091,21.86818181818182,1183.4186046511627,270
Uttarakhand,Uttar Kashi,49.29772727272727,68.75,68.70681818181818,48.15111111111111,87.89318181818182,153.50930232558142,389.21162790697673,368.5813953488372,167.47441860465116,39.304545454545455,11.472727272727273,25.552272727272726,1490.752380952381,287
West Bengal,24 Parganas,13.654166666666667,23.425,38.57692307692308,49.12692307692308,130.15,262.63461538461536,376.9,320.04615384615386,290.6461538461539,150.2153846153846,34.4,4.384615384615385,1691.2115384615386,267
West Bengal,Bankura,10.59375,18.708333333333332,26.502,40.176,85.992,218.896,308.312,288.474,243.226,86.6,14.39,9.67,1350.366,254
West Bengal,Birbhum,9.10625,18.608333333333334,25.49,43.078,93.19200000000001,235.628,324.73400000000004,299.45799999999997,263.468,104.352,14.286,6.832000000000001,1437.112,261
West Bengal,Burdwan,10.935416666666667,20.497916666666665,27.026,43.992,96.37,226.028,302.23400000000004,286.098,248.16400000000002,96.85600000000001,12.068,8.536,1377.536,250
West Bengal,Cooch Behar,10.485416666666667,15.435416666666667,39.804,187.02599999999998,334.28,655.18,812.558,550.9580000000001,512.652,165.49400000000003,9.812,5.774,3298.4040000000005,263
West Bengal,Darjeeling,17.235416666666666,22.21875,39.286,110.30799999999999,259.892,574.002,796.834,623.34,470.972,145.336,16.656,8.384,3082.8940000000002,307
West Bengal,Hooghly,10.285416666666666,24.639583333333334,29.324,49.566,107.72399999999999,241.2061224489796,296.982,250.21020408163264,233.146,96.80799999999999,19.096,6.803999999999999,1374.4,266
West Bengal,Howrah,10.304347826086957,20.065217391304348,27.806250000000002,47.19375,97.3625,230.35744680851062,330.9391304347826,314.7739130434783,260.7063829787234,103.1875,22.514583333333334,7.816666666666666,1481.2,267
West Bengal,Jalpaiguri,9.4125,17.472916666666666,42.06399999999999,154.32,340.99,710.8204081632653,966.8,661.8489795918367,533.502,176.99200000000002,21.674,6.6979999999999995,3652.316326530612,299
West Bengal,Kolkata,27.700000000000003,18.3,17.75,69.2,99.15,256.325,403.875,401.1,333.0,212.225,4.575,9.375,1852.575,266
West Bengal,Malda,10.025531914893616,10.961702127659576,13.910204081632653,40.64693877551021,122.26938775510203,231.4673469387755,336.48775510204086,280.9510204081633,263.59591836734694,113.40204081632653,11.753061224489796,5.738775510204081,1440.35306122449,282
West Bengal,Midnapur,16.400000000000002,24.729166666666668,35.330769230769235,51.95,128.5653846153846,259.08076923076925,346.7615384615384,317.75,289.2653846153846,140.7076923076923,25.13076923076923,5.4923076923076914,1629.0538461538463,218
West Bengal,Murshidabad,6.782608695652174,15.847826086956522,21.297916666666666,43.137499999999996,109.10000000000001,213.9375,313.01666666666665,250.33333333333334,252.42291666666665,107.3125,12.4,5.1499999999999995,1349.7833333333333,271
West Bengal,Nadia,9.86595744680851,19.07659574468085,27.26530612244898,50.022448979591836,115.1734693877551,220.31836734693877,300.34285714285716,242.7061224489796,218.8591836734694,102.95918367346938,15.285714285714286,7.461224489795919,1328.1510204081633,269
West Bengal,Purulia,15.653846153846153,19.373076923076923,21.12142857142857,28.47142857142857,82.51428571428572,228.68571428571428,311.875,287.01785714285717,247.50357142857143,86.62857142857142,14.732142857142858,9.075,1350.1499999999999,225
West Bengal,West Dinajpur,8.772727272727273,11.072727272727272,10.970833333333333,59.903999999999996,151.5346153846154,298.11538461538464,370.50384615384615,315.8692307692308,310.6,110.98461538461538,8.604,4.1125,1708.1923076923076,294
